<?xml version="1.0" encoding="UTF-8"?>
<project xmlns="http://maven.apache.org/POM/4.0.0"
	xmlns:xsi="http://www.w3.org/2001/XMLSchema-instance"
	xsi:schemaLocation="http://maven.apache.org/POM/4.0.0 https://maven.apache.org/xsd/maven-4.0.0.xsd">

	<modelVersion>4.0.0</modelVersion>

	<parent>
		<groupId>org.springframework.boot</groupId>
		<artifactId>spring-boot-starter-parent</artifactId>
		<version>2.6.6</version>
		<relativePath />
	</parent>

	<groupId>com.infy.ekart.customer</groupId>
	<artifactId>CustomerMS</artifactId>
	<version>0.0.1-SNAPSHOT</version>

	<name>CustomerMS</name>
	<description>Evaluation project for CustomerMS</description>

	<properties>
		<java.version>11</java.version>
		<spring-cloud.version>2021.0.0</spring-cloud.version>
		<maven.compiler.source>${java.version}</maven.compiler.source>
		<maven.compiler.target>${java.version}</maven.compiler.target>
		<log4j.version>2.17.2</log4j.version>
		<junit.jupiter.version>5.7.2</junit.jupiter.version>
		<junit.platform.version>1.7.2</junit.platform.version>
	</properties>

     <dependencyManagement>
		<dependencies>
			<dependency>
				<groupId>org.springframework.cloud</groupId>
				<artifactId>spring-cloud-dependencies</artifactId>
				<version>${spring-cloud.version}</version>
				<type>pom</type>
				<scope>import</scope>
			</dependency>
		</dependencies>
	</dependencyManagement>
	<dependencies>
	<dependency>
			<groupId>org.springframework.cloud</groupId>
			<artifactId>spring-cloud-starter-consul-config</artifactId>
		</dependency>
		<dependency>
			<groupId>org.springframework.cloud</groupId>
			<artifactId>spring-cloud-starter-consul-discovery</artifactId>
		</dependency>
		<dependency>
			<groupId>org.springframework.cloud</groupId>
			<artifactId>spring-cloud-starter-loadbalancer</artifactId>
		</dependency>
		<dependency>
			<groupId>org.springframework.cloud</groupId>
			<artifactId>spring-cloud-starter-bootstrap</artifactId>
		</dependency>
			<dependency>
			<groupId>io.github.resilience4j</groupId>
			<artifactId>resilience4j-spring-boot2</artifactId>
		</dependency>
		<dependency>
			<groupId>org.springframework.boot</groupId>
			<artifactId>spring-boot-starter-log4j2</artifactId>
		</dependency>

		<dependency>
			<groupId>org.springframework.boot</groupId>
			<artifactId>spring-boot-starter-data-jpa</artifactId>
		</dependency>

		<dependency>
			<groupId>org.springframework.boot</groupId>
			<artifactId>spring-boot-starter-web</artifactId>
			<exclusions>
				<exclusion>
					<groupId>org.springframework.boot</groupId>
					<artifactId>spring-boot-starter-logging</artifactId>
				</exclusion>
			</exclusions>
		</dependency>

		<dependency>
			<groupId>org.springframework.boot</groupId>
			<artifactId>spring-boot-starter-validation</artifactId>
		</dependency>

		<dependency>
			<groupId>org.springframework.boot</groupId>
			<artifactId>spring-boot-devtools</artifactId>
			<scope>runtime</scope>
			<optional>true</optional>
		</dependency>

		<dependency>
			<groupId>mysql</groupId>
			<artifactId>mysql-connector-java</artifactId>
			<scope>runtime</scope>
		</dependency>

		<dependency>
			<groupId>com.google.code.gson</groupId>
			<artifactId>gson</artifactId>
		</dependency>

		<dependency>
			<groupId>org.springframework.boot</groupId>
			<artifactId>spring-boot-starter-test</artifactId>
			<scope>test</scope>
			<exclusions>
				<exclusion>
					<groupId>org.junit.vintage</groupId>
					<artifactId>junit-vintage-engine</artifactId>
				</exclusion>
			</exclusions>
		</dependency>

		<dependency>
			<groupId>org.junit.platform</groupId>
			<artifactId>junit-platform-runner</artifactId>
		</dependency>

		<dependency>
			<groupId>org.hsqldb</groupId>
			<artifactId>hsqldb</artifactId>
			<scope>test</scope>
		</dependency>

		<dependency>
			<groupId>org.dbunit</groupId>
			<artifactId>dbunit</artifactId>
			<version>2.7.0</version>
			<scope>test</scope>
		</dependency>

		<dependency>
			<groupId>commons-io</groupId>
			<artifactId>commons-io</artifactId>
			<version>2.7</version>
		</dependency>

		<dependency>
			<groupId>org.apache.commons</groupId>
			<artifactId>commons-configuration2</artifactId>
			<version>2.7</version>
		</dependency>

		<dependency>
			<groupId>net.sourceforge.pmd</groupId>
			<artifactId>pmd-java</artifactId>
			<version>6.23.0</version>
		</dependency>
                <dependency>
                  <groupId>org.yaml</groupId>
                  <artifactId>snakeyaml</artifactId>
         
                  </dependency>
                  <dependency>
			<groupId>org.apache.commons</groupId>
			<artifactId>commons-configuration2</artifactId>
			<version>2.7</version>
		</dependency>

		<dependency>
			<groupId>com.google.guava</groupId>
			<artifactId>guava</artifactId>
			<version>29.0-jre</version>
		</dependency>

		<dependency>
			<groupId>net.sourceforge.pmd</groupId>
			<artifactId>pmd-java</artifactId>
			<version>6.23.0</version>
		</dependency>
		<dependency>
			<groupId>org.springframework.boot</groupId>
			<artifactId>spring-boot-configuration-processor</artifactId>
			<optional>true</optional>
		</dependency>
                  
		</dependencies>

	<build>
		<plugins>
			<plugin>
				<groupId>org.codehaus.mojo</groupId>
				<artifactId>build-helper-maven-plugin</artifactId>
				<executions>
					<execution>
						<id>VerificationSourceInclusion</id>
						<phase>generate-test-sources</phase>
						<goals>
							<goal>add-test-source</goal>
						</goals>
						<configuration>
							<sources>
								<source>src/verification/java/</source>
							</sources>
						</configuration>
					</execution>
					
					<execution>
						<id>VerificationResourceInclusion</id>
						<phase>generate-test-resources</phase>
						<goals>
							<goal>add-test-resource</goal>
						</goals>
						<configuration>
							<resources>
								<resource>
									<directory>src/verification/resources/</directory>
								</resource>
							</resources>
						</configuration>
					</execution>
				</executions>
			</plugin>
			
			<plugin>
				<artifactId>maven-surefire-plugin</artifactId>
				<configuration>
					<failIfNoTests>true</failIfNoTests>
					<testFailureIgnore>true</testFailureIgnore>
					<includes>
						<include>**/*Verification.java</include>
					</includes>
					<properties>
						<configurationParameters>
							junit.jupiter.displayname.generator.default=com.verification.NameGenerator
						</configurationParameters>
					</properties>
				</configuration>
			</plugin>
		</plugins>
	</build>
</project>
